Workbook

Sheet Vendors
A1: Page | B1: Name | C1: Round | D1: Status | E1: Listed on site | F1: Last contact | G1: Attempts | H1: Decide by | I1: Action | J1: Location | K1: Website / source | L1: Phone | M1: Instagram | N1: Info checked | O1: Still needed | P1: Notes
A2: Airport lei | B2: Maile's Lei Stand | C2: 1 | D2: Not contacted | E2: =IF(D2="Verified","Yes","No") -> No | G2: 0 | H2: =IF(F2="","",F2+30) | I2: =IF(OR(D2="Closed",D2="Declined"),"Remove",IF(D2="Verified","Keep",IF(AND(D2="Contacted",OR(G2>=2,AND(H2<>"",TODAY()>H2))),"Remove","Follow up"))) -> Follow up | J2: HNL lei stand row | K2: HPR, Apr 28 2023 | N2: 2026-10-08 | O2: Open in 2026? stall, hours, payment, phone, prices, photo | P2: Family stand since 1945; renamed for Maile Lee in 1962
A3: Airport lei | B3: Gladys' Lei Stand | C3: 1 | D3: Not contacted | E3: =IF(D3="Verified","Yes","No") -> No | G3: 0 | H3: =IF(F3="","",F3+30) | I3: =IF(OR(D3="Closed",D3="Declined"),"Remove",IF(D3="Verified","Keep",IF(AND(D3="Contacted",OR(G3>=2,AND(H3<>"",TODAY()>H3))),"Remove","Follow up"))) -> Follow up | J3: HNL lei stand row | K3: Beat of Hawaii, Sep 2 2025 | N3: 2026-10-08 | O3: Still operating? stall, hours, payment, phone, prices, photo | P3: Faced reported removal pressure in 2025; founding 1940s vs 1948 to confirm
A4: Airport lei | B4: Sophia's Lei Stand | C4: 1 | D4: Not contacted | E4: =IF(D4="Verified","Yes","No") -> No | G4: 0 | H4: =IF(F4="","",F4+30) | I4: =IF(OR(D4="Closed",D4="Declined"),"Remove",IF(D4="Verified","Keep",IF(AND(D4="Contacted",OR(G4>=2,AND(H4<>"",TODAY()>H4))),"Remove","Follow up"))) -> Follow up | J4: HNL lei stand row | K4: Beat of Hawaii, May 21 2025 | N4: 2026-10-08 | O4: Stall, hours, payment, phone, prices, photo | P4: Started by Sophia Ventura about 1950; granddaughter Stacy Farias
A5: Airport lei | B5: Pua Melia Lei Stand | C5: 1 | D5: Not contacted | E5: =IF(D5="Verified","Yes","No") -> No | G5: 0 | H5: =IF(F5="","",F5+30) | I5: =IF(OR(D5="Closed",D5="Declined"),"Remove",IF(D5="Verified","Keep",IF(AND(D5="Contacted",OR(G5>=2,AND(H5<>"",TODAY()>H5))),"Remove","Follow up"))) -> Follow up | J5: HNL, Stall 12, Bldg 302 | K5: HDOT permit, Jul 2 2026 | N5: 2026-10-08 | O5: Permit approved? hours, payment, phone, prices, photo | P5: Operator Theola Kaae
A6: Airport lei | B6: Harriet's Lei Stand | C6: 1 | D6: Not contacted | E6: =IF(D6="Verified","Yes","No") -> No | G6: 0 | H6: =IF(F6="","",F6+30) | I6: =IF(OR(D6="Closed",D6="Declined"),"Remove",IF(D6="Verified","Keep",IF(AND(D6="Contacted",OR(G6>=2,AND(H6<>"",TODAY()>H6))),"Remove","Follow up"))) -> Follow up | J6: HNL, Stall 1 | K6: Yelp; HDOT lei greeting page | N6: 2026-10-08 | O6: Hours, payment, phone, prices, photo
A7: Airport lei | B7: Dorothy's Lei Stand | C7: 1 | D7: Not contacted | E7: =IF(D7="Verified","Yes","No") -> No | G7: 0 | H7: =IF(F7="","",F7+30) | I7: =IF(OR(D7="Closed",D7="Declined"),"Remove",IF(D7="Verified","Keep",IF(AND(D7="Contacted",OR(G7>=2,AND(H7<>"",TODAY()>H7))),"Remove","Follow up"))) -> Follow up | J7: HNL lei stand row | K7: Honolulu Magazine, Oct 2020 | N7: 2026-10-08 | O7: Still operating? all details
A8: Airport lei | B8: Martha's Lei Stand | C8: 1 | D8: Not contacted | E8: =IF(D8="Verified","Yes","No") -> No | G8: 0 | H8: =IF(F8="","",F8+30) | I8: =IF(OR(D8="Closed",D8="Declined"),"Remove",IF(D8="Verified","Keep",IF(AND(D8="Contacted",OR(G8>=2,AND(H8<>"",TODAY()>H8))),"Remove","Follow up"))) -> Follow up | J8: HNL lei stand row | K8: Hawaii Business, Oct 2020 | N8: 2026-10-08 | O8: Still operating? all details | P8: Milan Chun
A9: Airport lei | B9: Rachel's Lei Stand | C9: 1 | D9: Not contacted | E9: =IF(D9="Verified","Yes","No") -> No | G9: 0 | H9: =IF(F9="","",F9+30) | I9: =IF(OR(D9="Closed",D9="Declined"),"Remove",IF(D9="Verified","Keep",IF(AND(D9="Contacted",OR(G9>=2,AND(H9<>"",TODAY()>H9))),"Remove","Follow up"))) -> Follow up | J9: HNL lei stand row | K9: thehawaiivacationguide.com | N9: 2026-10-08 | O9: Still operating? all details | P9: Family owned 90+ years per Native Hawaiian Business Directory
A10: Luau guide | B10: Germaine's Luau | C10: 1 | D10: Not contacted | E10: =IF(D10="Verified","Yes","No") -> No | G10: 0 | H10: =IF(F10="","",F10+30) | I10: =IF(OR(D10="Closed",D10="Declined"),"Remove",IF(D10="Verified","Keep",IF(AND(D10="Contacted",OR(G10>=2,AND(H10<>"",TODAY()>H10))),"Remove","Follow up"))) -> Follow up | J10: Kapolei | K10: germainesluau.com | N10: 2026-10-08 | O10: Photos permission, affiliate or direct deal | P10: Packages from $128 (site, Oct 2026)
A11: Luau guide | B11: Toa Luau | C11: 1 | D11: Not contacted | E11: =IF(D11="Verified","Yes","No") -> No | G11: 0 | H11: =IF(F11="","",F11+30) | I11: =IF(OR(D11="Closed",D11="Declined"),"Remove",IF(D11="Verified","Keep",IF(AND(D11="Contacted",OR(G11>=2,AND(H11<>"",TODAY()>H11))),"Remove","Follow up"))) -> Follow up | J11: Waimea Valley, North Shore | K11: Shaka Guide luau guide | N11: 2026-10-08 | O11: Current prices, photos permission | P11: $115 to $170 per Shaka Guide
A12: Luau guide | B12: Ka Moana Luau | C12: 1 | D12: Not contacted | E12: =IF(D12="Verified","Yes","No") -> No | G12: 0 | H12: =IF(F12="","",F12+30) | I12: =IF(OR(D12="Closed",D12="Declined"),"Remove",IF(D12="Verified","Keep",IF(AND(D12="Contacted",OR(G12>=2,AND(H12<>"",TODAY()>H12))),"Remove","Follow up"))) -> Follow up | J12: Sea Life Park, Waimanalo | K12: Shaka Guide luau guide | N12: 2026-10-08 | O12: Current prices, photos permission | P12: $80 to $170 per Shaka Guide
A13: Luau guide | B13: Ali'i Luau, Polynesian Cultural Center | C13: 1 | D13: Not contacted | E13: =IF(D13="Verified","Yes","No") -> No | G13: 0 | H13: =IF(F13="","",F13+30) | I13: =IF(OR(D13="Closed",D13="Declined"),"Remove",IF(D13="Verified","Keep",IF(AND(D13="Contacted",OR(G13>=2,AND(H13<>"",TODAY()>H13))),"Remove","Follow up"))) -> Follow up | J13: Laie, North Shore | K13: polynesia.com | N13: 2026-10-08 | O13: Join affiliate program (Impact, 5%) | P13: $60 to $250 per Shaka Guide
A14: Luau guide | B14: Chief's Luau | C14: 1 | D14: Not contacted | E14: =IF(D14="Verified","Yes","No") -> No | G14: 0 | H14: =IF(F14="","",F14+30) | I14: =IF(OR(D14="Closed",D14="Declined"),"Remove",IF(D14="Verified","Keep",IF(AND(D14="Contacted",OR(G14>=2,AND(H14<>"",TODAY()>H14))),"Remove","Follow up"))) -> Follow up | J14: Wet'n'Wild, Kapolei | K14: Shaka Guide luau guide | N14: 2026-10-08 | O14: Current prices, photos permission | P14: $100 to $150 per Shaka Guide
A15: Luau guide | B15: Kaula Luau | C15: 2 | D15: Not contacted | E15: =IF(D15="Verified","Yes","No") -> No | G15: 0 | H15: =IF(F15="","",F15+30) | I15: =IF(OR(D15="Closed",D15="Declined"),"Remove",IF(D15="Verified","Keep",IF(AND(D15="Contacted",OR(G15>=2,AND(H15<>"",TODAY()>H15))),"Remove","Follow up"))) -> Follow up | K15: theoahuist.com; Hawaii News Now | N15: 2026-10-08 | O15: Location, prices, photos | P15: Opened Feb 27 2026
A16: Send a lei | B16: Cindy's Lei Shoppe | C16: 1 | D16: Not contacted | E16: =IF(D16="Verified","Yes","No") -> No | G16: 0 | H16: =IF(F16="","",F16+30) | I16: =IF(OR(D16="Closed",D16="Declined"),"Remove",IF(D16="Verified","Keep",IF(AND(D16="Contacted",OR(G16>=2,AND(H16<>"",TODAY()>H16))),"Remove","Follow up"))) -> Follow up | J16: Chinatown, Honolulu | K16: cindysleishoppe.com | N16: 2026-10-08 | O16: Orchid lei price, referral code | P16: Shipping $55 for 1 to 2 lei (FedEx Priority); 72 hours notice
A17: Send a lei | B17: Flower Leis | C17: 1 | D17: Not contacted | E17: =IF(D17="Verified","Yes","No") -> No | G17: 0 | H17: =IF(F17="","",F17+30) | I17: =IF(OR(D17="Closed",D17="Declined"),"Remove",IF(D17="Verified","Keep",IF(AND(D17="Contacted",OR(G17>=2,AND(H17<>"",TODAY()>H17))),"Remove","Follow up"))) -> Follow up | J17: Oahu | K17: flowerleis.com | N17: 2026-10-08 | O17: Delay policy, referral code | P17: Orchid $13.99; shipping from $38.50 plus about $3 per extra lei
A18: Send a lei | B18: Buy Hawaiian Lei | C18: 1 | D18: Not contacted | E18: =IF(D18="Verified","Yes","No") -> No | G18: 0 | H18: =IF(F18="","",F18+30) | I18: =IF(OR(D18="Closed",D18="Declined"),"Remove",IF(D18="Verified","Keep",IF(AND(D18="Contacted",OR(G18>=2,AND(H18<>"",TODAY()>H18))),"Remove","Follow up"))) -> Follow up | J18: Oahu | K18: buyhawaiianlei.com | N18: 2026-10-08 | O18: Shipping rate, regions, referral code | P18: Orchid $14.99; 7-lei packs ship free; freshness guarantee
A19: Send a lei | B19: Hawaii Flower Lei | C19: 1 | D19: Not contacted | E19: =IF(D19="Verified","Yes","No") -> No | G19: 0 | H19: =IF(F19="","",F19+30) | I19: =IF(OR(D19="Closed",D19="Declined"),"Remove",IF(D19="Verified","Keep",IF(AND(D19="Contacted",OR(G19>=2,AND(H19<>"",TODAY()>H19))),"Remove","Follow up"))) -> Follow up | J19: Honolulu | K19: hawaiiflowerlei.com | N19: 2026-10-08 | O19: Shipping rate, delay policy, referral code | P19: Orchid $16 to $25; overnight to 9 western states
A20: Send a lei | B20: Hawaii Lei Stand | C20: 2 | D20: Not contacted | E20: =IF(D20="Verified","Yes","No") -> No | G20: 0 | H20: =IF(F20="","",F20+30) | I20: =IF(OR(D20="Closed",D20="Declined"),"Remove",IF(D20="Verified","Keep",IF(AND(D20="Contacted",OR(G20>=2,AND(H20<>"",TODAY()>H20))),"Remove","Follow up"))) -> Follow up | J20: Honolulu (Beretania Florist) | K20: hawaiileistand.com | N20: 2026-10-08 | O20: Shipping rate, referral code | P20: Orchid $19.99; no refunds for FedEx delays
A21: Send a lei | B21: Shaka Lei | C21: 2 | D21: Not contacted | E21: =IF(D21="Verified","Yes","No") -> No | G21: 0 | H21: =IF(F21="","",F21+30) | I21: =IF(OR(D21="Closed",D21="Declined"),"Remove",IF(D21="Verified","Keep",IF(AND(D21="Contacted",OR(G21>=2,AND(H21<>"",TODAY()>H21))),"Remove","Follow up"))) -> Follow up | K21: shakalei.com | N21: 2026-10-08 | O21: Address, shipping rate, policy | P21: Orchid $14.79; next day west of the Rockies
A22: Send a lei | B22: The Hawaiian Lei Company | C22: 2 | D22: Not contacted | E22: =IF(D22="Verified","Yes","No") -> No | G22: 0 | H22: =IF(F22="","",F22+30) | I22: =IF(OR(D22="Closed",D22="Declined"),"Remove",IF(D22="Verified","Keep",IF(AND(D22="Contacted",OR(G22>=2,AND(H22<>"",TODAY()>H22))),"Remove","Follow up"))) -> Follow up | J22: Honolulu | K22: hawaiianleicompany.com | N22: 2026-10-08 | O22: Orchid price, referral code | P22: $10 pack fee plus carrier cost
A23: Send a lei | B23: Aloha Island Lei | C23: 2 | D23: Not contacted | E23: =IF(D23="Verified","Yes","No") -> No | G23: 0 | H23: =IF(F23="","",F23+30) | I23: =IF(OR(D23="Closed",D23="Declined"),"Remove",IF(D23="Verified","Keep",IF(AND(D23="Contacted",OR(G23>=2,AND(H23<>"",TODAY()>H23))),"Remove","Follow up"))) -> Follow up | J23: Aiea | K23: alohaislandlei.com | N23: 2026-10-08 | O23: Shipping rate, policy | P23: Orchid $13.99
A24: Airport lei | B24: Greeters of Hawaii | C24: 2 | D24: Not contacted | E24: =IF(D24="Verified","Yes","No") -> No | G24: 0 | H24: =IF(F24="","",F24+30) | I24: =IF(OR(D24="Closed",D24="Declined"),"Remove",IF(D24="Verified","Keep",IF(AND(D24="Contacted",OR(G24>=2,AND(H24<>"",TODAY()>H24))),"Remove","Follow up"))) -> Follow up | K24: greetersofhawaii.com | N24: 2026-10-08 | O24: Prices, referral deal | P24: Greeting service; phone bookings only

Sheet Summary
A1: Page | B1: Round 1 | C1: Verified | D1: Contacted | E1: Not contacted | F1: To remove
A2: Airport lei | B2: =COUNTIFS(Vendors!$A:$A,A2,Vendors!$C:$C,1) -> 8 | C2: =COUNTIFS(Vendors!$A:$A,A2,Vendors!$D:$D,"Verified") -> 0 | D2: =COUNTIFS(Vendors!$A:$A,A2,Vendors!$D:$D,"Contacted") -> 0 | E2: =COUNTIFS(Vendors!$A:$A,A2,Vendors!$D:$D,"Not contacted") -> 9 | F2: =COUNTIFS(Vendors!$A:$A,A2,Vendors!$I:$I,"Remove") -> 0
A3: Luau guide | B3: =COUNTIFS(Vendors!$A:$A,A3,Vendors!$C:$C,1) -> 5 | C3: =COUNTIFS(Vendors!$A:$A,A3,Vendors!$D:$D,"Verified") -> 0 | D3: =COUNTIFS(Vendors!$A:$A,A3,Vendors!$D:$D,"Contacted") -> 0 | E3: =COUNTIFS(Vendors!$A:$A,A3,Vendors!$D:$D,"Not contacted") -> 6 | F3: =COUNTIFS(Vendors!$A:$A,A3,Vendors!$I:$I,"Remove") -> 0
A4: Send a lei | B4: =COUNTIFS(Vendors!$A:$A,A4,Vendors!$C:$C,1) -> 4 | C4: =COUNTIFS(Vendors!$A:$A,A4,Vendors!$D:$D,"Verified") -> 0 | D4: =COUNTIFS(Vendors!$A:$A,A4,Vendors!$D:$D,"Contacted") -> 0 | E4: =COUNTIFS(Vendors!$A:$A,A4,Vendors!$D:$D,"Not contacted") -> 8 | F4: =COUNTIFS(Vendors!$A:$A,A4,Vendors!$I:$I,"Remove") -> 0
A5: Total | B5: =SUM(B2:B4) -> 17 | C5: =SUM(C2:C4) -> 0 | D5: =SUM(D2:D4) -> 0 | E5: =SUM(E2:E4) -> 23 | F5: =SUM(F2:F4) -> 0

Sheet How to use
A1: Vendor tracker, Get Local Hawaii
A3: Blue text = cells you edit. Black = formulas, leave them alone.
A4: Status: pick from the list (Not contacted, Contacted, Verified, Declined, Closed).
A5: Verified means confirmed by your own visit or the vendor, not just a website. Only Verified rows appear on the site.
A6: Last contact: the date you last reached out. Attempts: how many times you have tried.
A7: Decide by = last contact + 30 days.
A8: Action: Remove when closed or declined, or when contacted with 2+ attempts or past the decide-by date with no confirmation. Keep when verified. Otherwise follow up.
A9: Info checked: the date the details in Notes came from a public source.
A10: Round 1 = the short launch list. Round 2 = next outreach batch.
A11: Monthly check day: update statuses, add newly verified vendors to the site, remove anything marked Remove, update the checked dates on the pages.
A12: Removal rule (decided 2026-10-08): closed, or no confirmation after two attempts or 30 days.
